{
    "0": {
        "total_cost (c_unit)": 5288195219033.2705,
        "config": {
            "effective_cache_size": 361755,
            "enable_mergejoin": "on",
            "enable_nestloop": "on",
            "maintenance_work_mem": 32005,
            "max_wal_size": 4461,
            "random_page_cost": 85.67346930503845,
            "seq_page_cost": 85.98138093948364,
            "shared_buffers": 267819,
            "wal_buffers": 102918,
            "work_mem": 5853
        }
    },
    "1": {
        "total_cost (c_unit)": 1168339188162.75,
        "config": {
            "effective_cache_size": 626202,
            "enable_mergejoin": "on",
            "enable_nestloop": "on",
            "maintenance_work_mem": 546193,
            "max_wal_size": 2386,
            "random_page_cost": 0.5830381996929646,
            "seq_page_cost": 18.217261135578156,
            "shared_buffers": 650436,
            "wal_buffers": 151096,
            "work_mem": 867
        }
    },
    "2": {
        "total_cost (c_unit)": 3571951768567.04,
        "config": {
            "effective_cache_size": 143496,
            "enable_mergejoin": "on",
            "enable_nestloop": "on",
            "maintenance_work_mem": 420674,
            "max_wal_size": 1146,
            "random_page_cost": 25.037464499473572,
            "seq_page_cost": 57.746851444244385,
            "shared_buffers": 924009,
            "wal_buffers": 257838,
            "work_mem": 6598
        }
    },
    "3": {
        "total_cost (c_unit)": 2374815957691.99,
        "config": {
            "effective_cache_size": 845353,
            "enable_mergejoin": "on",
            "enable_nestloop": "on",
            "maintenance_work_mem": 905595,
            "max_wal_size": 7231,
            "random_page_cost": 60.236185789108276,
            "seq_page_cost": 38.053736090660095,
            "shared_buffers": 56800,
            "wal_buffers": 13072,
            "work_mem": 3199
        }
    },
    "4": {
        "total_cost (c_unit)": 4263424627386.8105,
        "config": {
            "effective_cache_size": 54001,
            "enable_mergejoin": "on",
            "enable_nestloop": "on",
            "maintenance_work_mem": 815079,
            "max_wal_size": 6258,
            "random_page_cost": 49.20201897621155,
            "seq_page_cost": 69.11365389823914,
            "shared_buffers": 240339,
            "wal_buffers": 72406,
            "work_mem": 1414
        }
    },
    "5": {
        "total_cost (c_unit)": 1635534119075.18,
        "config": {
            "effective_cache_size": 941525,
            "enable_mergejoin": "on",
            "enable_nestloop": "on",
            "maintenance_work_mem": 363323,
            "max_wal_size": 46,
            "random_page_cost": 65.56687355041504,
            "seq_page_cost": 25.903773307800293,
            "shared_buffers": 873202,
            "wal_buffers": 181992,
            "work_mem": 4305
        }
    },
    "6": {
        "total_cost (c_unit)": 2635617513568.31,
        "config": {
            "effective_cache_size": 961988,
            "enable_mergejoin": "on",
            "enable_nestloop": "on",
            "maintenance_work_mem": 91311,
            "max_wal_size": 387,
            "random_page_cost": 16.77907109260559,
            "seq_page_cost": 42.34420383182107,
            "shared_buffers": 782643,
            "wal_buffers": 253737,
            "work_mem": 492
        }
    },
    "7": {
        "total_cost (c_unit)": 734377690259.04,
        "config": {
            "effective_cache_size": 981685,
            "enable_mergejoin": "on",
            "enable_nestloop": "on",
            "maintenance_work_mem": 762897,
            "max_wal_size": 80,
            "random_page_cost": 59.857637946335906,
            "seq_page_cost": 11.07274343188057,
            "shared_buffers": 988166,
            "wal_buffers": 160623,
            "work_mem": 6450
        }
    },
    "8": {
        "total_cost (c_unit)": 378003674943.97,
        "config": {
            "effective_cache_size": 417937,
            "enable_mergejoin": "on",
            "enable_nestloop": "on",
            "maintenance_work_mem": 385259,
            "max_wal_size": 1773,
            "random_page_cost": 69.91662649255245,
            "seq_page_cost": 5.207616097314958,
            "shared_buffers": 875345,
            "wal_buffers": 27352,
            "work_mem": 5628
        }
    },
    "9": {
        "total_cost (c_unit)": 216469757260.18002,
        "config": {
            "effective_cache_size": 216251,
            "enable_mergejoin": "on",
            "enable_nestloop": "on",
            "maintenance_work_mem": 78464,
            "max_wal_size": 2287,
            "random_page_cost": 33.87259542942047,
            "seq_page_cost": 2.5485684783612297,
            "shared_buffers": 983975,
            "wal_buffers": 45485,
            "work_mem": 7798
        }
    }
}