{"0": {"total_cost (c_unit)": 23884244.850000005, "config": {"effective_cache_size": 194136, "maintenance_work_mem": 629693, "max_wal_size": 3558, "random_page_cost": 37.04885186206095, "seq_page_cost": 23.256191694118932, "shared_buffers": 690851, "wal_buffers": 147792, "work_mem": 3500}}, "1": {"total_cost (c_unit)": 39355107.35, "config": {"effective_cache_size": 224555, "maintenance_work_mem": 177942, "max_wal_size": 4556, "random_page_cost": 53.89298629015684, "seq_page_cost": 41.55943375080824, "shared_buffers": 61173, "wal_buffers": 28689, "work_mem": 1968}}, "2": {"total_cost (c_unit)": 21534150.96, "config": {"effective_cache_size": 659202, "maintenance_work_mem": 195292, "max_wal_size": 869, "random_page_cost": 34.348379634320736, "seq_page_cost": 20.264872442930937, "shared_buffers": 917784, "wal_buffers": 179188, "work_mem": 677}}}