{
    "0": {
        "total_exec_time (s)": 26.57266299999999,
        "config": {
            "effective_cache_size": 344690,
            "enable_mergejoin": "on",
            "enable_nestloop": "on",
            "maintenance_work_mem": 569129,
            "max_wal_size": 719,
            "random_page_cost": 27.591499191112987,
            "seq_page_cost": 94.33974435894605,
            "shared_buffers": 282842,
            "wal_buffers": 60625,
            "work_mem": 2582
        }
    },
    "1": {
        "total_exec_time (s)": 25.629274999999996,
        "config": {
            "effective_cache_size": 424996,
            "enable_mergejoin": "on",
            "enable_nestloop": "on",
            "maintenance_work_mem": 220170,
            "max_wal_size": 7297,
            "random_page_cost": 84.49638522526342,
            "seq_page_cost": 78.04811386680561,
            "shared_buffers": 10294,
            "wal_buffers": 197175,
            "work_mem": 7998
        }
    },
    "2": {
        "total_exec_time (s)": 25.051203999999995,
        "config": {
            "effective_cache_size": 938378,
            "enable_mergejoin": "on",
            "enable_nestloop": "on",
            "maintenance_work_mem": 140387,
            "max_wal_size": 8019,
            "random_page_cost": 64.67548671021495,
            "seq_page_cost": 65.78423741110669,
            "shared_buffers": 826934,
            "wal_buffers": 248949,
            "work_mem": 2076
        }
    },
    "3": {
        "total_exec_time (s)": 24.909277,
        "config": {
            "effective_cache_size": 766829,
            "enable_mergejoin": "on",
            "enable_nestloop": "on",
            "maintenance_work_mem": 444647,
            "max_wal_size": 3536,
            "random_page_cost": 11.18978844415312,
            "seq_page_cost": 26.926730587656923,
            "shared_buffers": 596737,
            "wal_buffers": 2219,
            "work_mem": 5672
        }
    },
    "4": {
        "total_exec_time (s)": 8.517882000000002,
        "config": {
            "effective_cache_size": 166917,
            "enable_mergejoin": "on",
            "enable_nestloop": "on",
            "maintenance_work_mem": 778354,
            "max_wal_size": 946,
            "random_page_cost": 43.873641508767044,
            "seq_page_cost": 10.75824570386949,
            "shared_buffers": 714318,
            "wal_buffers": 89264,
            "work_mem": 280
        }
    },
    "5": {
        "total_exec_time (s)": 15.23775,
        "config": {
            "effective_cache_size": 228698,
            "enable_mergejoin": "on",
            "enable_nestloop": "on",
            "maintenance_work_mem": 18838,
            "max_wal_size": 5360,
            "random_page_cost": 1.1007962959879083,
            "seq_page_cost": 56.646674155246025,
            "shared_buffers": 122178,
            "wal_buffers": 178653,
            "work_mem": 902
        }
    },
    "6": {
        "total_exec_time (s)": 23.356559000000004,
        "config": {
            "effective_cache_size": 549969,
            "enable_mergejoin": "on",
            "enable_nestloop": "on",
            "maintenance_work_mem": 808649,
            "max_wal_size": 2663,
            "random_page_cost": 92.94850384599808,
            "seq_page_cost": 36.70056546189714,
            "shared_buffers": 365704,
            "wal_buffers": 110332,
            "work_mem": 5791
        }
    },
    "7": {
        "total_exec_time (s)": 24.210389000000003,
        "config": {
            "effective_cache_size": 74595,
            "enable_mergejoin": "on",
            "enable_nestloop": "on",
            "maintenance_work_mem": 968968,
            "max_wal_size": 6252,
            "random_page_cost": 79.79169906126707,
            "seq_page_cost": 87.49924720681884,
            "shared_buffers": 916570,
            "wal_buffers": 139191,
            "work_mem": 4898
        }
    },
    "8": {
        "total_exec_time (s)": 25.262030999999993,
        "config": {
            "effective_cache_size": 850684,
            "enable_mergejoin": "on",
            "enable_nestloop": "on",
            "maintenance_work_mem": 398477,
            "max_wal_size": 2070,
            "random_page_cost": 50.58773881549064,
            "seq_page_cost": 45.08913104231762,
            "shared_buffers": 416735,
            "wal_buffers": 45880,
            "work_mem": 6901
        }
    },
    "9": {
        "total_exec_time (s)": 7.198026,
        "config": {
            "effective_cache_size": 671878,
            "enable_mergejoin": "on",
            "enable_nestloop": "on",
            "maintenance_work_mem": 694281,
            "max_wal_size": 4335,
            "random_page_cost": 36.12404078901213,
            "seq_page_cost": 2.357488897188862,
            "shared_buffers": 616599,
            "wal_buffers": 225809,
            "work_mem": 3367
        }
    },
    "10": {
        "total_exec_time (s)": 7.898360000000001,
        "config": {
            "effective_cache_size": 604605,
            "enable_mergejoin": "on",
            "enable_nestloop": "on",
            "maintenance_work_mem": 708696,
            "max_wal_size": 4000,
            "random_page_cost": 33.721838485165996,
            "seq_page_cost": 0.0,
            "shared_buffers": 637016,
            "wal_buffers": 223702,
            "work_mem": 2644
        }
    },
    "11": {
        "total_exec_time (s)": 8.030054999999999,
        "config": {
            "effective_cache_size": 637124,
            "enable_mergejoin": "off",
            "enable_nestloop": "on",
            "maintenance_work_mem": 681574,
            "max_wal_size": 4480,
            "random_page_cost": 27.295511721461484,
            "seq_page_cost": 0.0,
            "shared_buffers": 583259,
            "wal_buffers": 248921,
            "work_mem": 2829
        }
    },
    "12": {
        "total_exec_time (s)": 7.907616,
        "config": {
            "effective_cache_size": 692430,
            "enable_mergejoin": "off",
            "enable_nestloop": "on",
            "maintenance_work_mem": 777236,
            "max_wal_size": 3979,
            "random_page_cost": 36.154636826529384,
            "seq_page_cost": 0.0,
            "shared_buffers": 701976,
            "wal_buffers": 237557,
            "work_mem": 2953
        }
    },
    "13": {
        "total_exec_time (s)": 7.813501000000002,
        "config": {
            "effective_cache_size": 631422,
            "enable_mergejoin": "off",
            "enable_nestloop": "on",
            "maintenance_work_mem": 797420,
            "max_wal_size": 4924,
            "random_page_cost": 37.239776621843276,
            "seq_page_cost": 0.0,
            "shared_buffers": 576513,
            "wal_buffers": 213898,
            "work_mem": 2914
        }
    },
    "14": {
        "total_exec_time (s)": 7.877986999999999,
        "config": {
            "effective_cache_size": 538226,
            "enable_mergejoin": "off",
            "enable_nestloop": "on",
            "maintenance_work_mem": 690189,
            "max_wal_size": 4340,
            "random_page_cost": 39.576167609423386,
            "seq_page_cost": 0.0,
            "shared_buffers": 661893,
            "wal_buffers": 228660,
            "work_mem": 3533
        }
    },
    "15": {
        "total_exec_time (s)": 7.876984999999999,
        "config": {
            "effective_cache_size": 571509,
            "enable_mergejoin": "on",
            "enable_nestloop": "on",
            "maintenance_work_mem": 778181,
            "max_wal_size": 3841,
            "random_page_cost": 34.179769982439375,
            "seq_page_cost": 0.0,
            "shared_buffers": 584945,
            "wal_buffers": 227994,
            "work_mem": 2912
        }
    },
    "16": {
        "total_exec_time (s)": 7.986978000000001,
        "config": {
            "effective_cache_size": 667713,
            "enable_mergejoin": "off",