{
    "0": {
        "total_exec_time (s)": 10.868406000000002,
        "config": {
            "effective_cache_size": 938634,
            "enable_mergejoin": "off",
            "enable_nestloop": "off",
            "maintenance_work_mem": 727194,
            "max_wal_size": 2111,
            "random_page_cost": 25.98021361562835,
            "seq_page_cost": 89.46844123422136,
            "shared_buffers": 874128,
            "wal_buffers": 160575,
            "work_mem": 7018
        }
    },
    "1": {
        "total_exec_time (s)": 25.812826,
        "config": {
            "effective_cache_size": 755875,
            "enable_mergejoin": "off",
            "enable_nestloop": "on",
            "maintenance_work_mem": 108947,
            "max_wal_size": 2944,
            "random_page_cost": 86.2892741597058,
            "seq_page_cost": 55.05029509369255,
            "shared_buffers": 999454,
            "wal_buffers": 3380,
            "work_mem": 3294
        }
    },
    "2": {
        "total_exec_time (s)": 10.637727999999997,
        "config": {
            "effective_cache_size": 189679,
            "enable_mergejoin": "on",
            "enable_nestloop": "off",
            "maintenance_work_mem": 576926,
            "max_wal_size": 917,
            "random_page_cost": 89.06834888696726,
            "seq_page_cost": 44.01598043138045,
            "shared_buffers": 710298,
            "wal_buffers": 213277,
            "work_mem": 4738
        }
    },
    "3": {
        "total_exec_time (s)": 11.336442000000003,
        "config": {
            "effective_cache_size": 896090,
            "enable_mergejoin": "on",
            "enable_nestloop": "off",
            "maintenance_work_mem": 143243,
            "max_wal_size": 3631,
            "random_page_cost": 31.58211047182304,
            "seq_page_cost": 77.7232264188226,
            "shared_buffers": 353152,
            "wal_buffers": 71232,
            "work_mem": 3939
        }
    },
    "4": {
        "total_exec_time (s)": 10.182412999999999,
        "config": {
            "effective_cache_size": 390678,
            "enable_mergejoin": "on",
            "enable_nestloop": "off",
            "maintenance_work_mem": 869038,
            "max_wal_size": 1966,
            "random_page_cost": 73.93289837609419,
            "seq_page_cost": 50.295466399010344,
            "shared_buffers": 844081,
            "wal_buffers": 102370,
            "work_mem": 1288
        }
    }
}